{
    "name": "ADLSRestaurantRawData",
    "properties": {
        "linkedServiceName": {
            "referenceName": "ADLSGen2Storage",
            "type": "LinkedServiceReference"
        },
        "parameters": {
            "fileName": {
                "type": "string"
            }
        },
        "annotations": [],
        "type": "DelimitedText",
        "typeProperties": {
            "location": {
                "type": "AzureDataLakeStoreLocation",
                "fileName": {
                    "value": "@dataset().fileName",
                    "type": "Expression"
                },
                "folderPath": "nyc-data/nyc-restaurant-data/raw_data"
            },
            "columnDelimiter": ",",
            "escapeChar": "\\",
            "firstRowAsHeader": true,
            "quoteChar": "\""
        },
        "schema": []
    },
    "type": "Microsoft.DataFactory/factories/datasets"
}