{
    "name": "ADLSWatermark",
    "properties": {
        "linkedServiceName": {
            "referenceName": "ADLSGen2Storage",
            "type": "LinkedServiceReference"
        },
        "annotations": [],
        "type": "DelimitedText",
        "typeProperties": {
            "location": {
                "type": "AzureDataLakeStoreLocation",
                "fileName": "last_inspection_date.csv",
                "folderPath": "nyc-data/nyc-restaurant-data/watermark"
            },
            "columnDelimiter": ",",
            "escapeChar": "\\",
            "firstRowAsHeader": true,
            "quoteChar": "\""
        },
        "schema": [
            {
                "name": "last_inspection_date",
                "type": "String"
            }
        ]
    },
    "type": "Microsoft.DataFactory/factories/datasets"
}