{
    "now": "2025-03-09T17:16:07.490Z",
    "perfNow": 61194.200000047684,
    "diagnosticCorrelation": "4dccb7f8-c69f-4638-a8f8-c055b6cc5ffd",
    "source": "DownloadSupportFiles",
    "environment": {
        "productName": "adf",
        "buildVersion": "1.0.022125.7",
        "environmentType": 3,
        "resourceName": "df-nyc-data",
        "resourceRegion": "eastus",
        "resourceGroup": "rg_tejaswini_billuri",
        "subscriptionId": "3b5075e9-c695-4f65-b332-bd010ba5d670",
        "sessionId": "fmmOwI25pn1YCA3kwS11zQ",
        "operationId": "",
        "gitType": "live",
        "loggingKey": "b67ddaba-3794-49bc-9b2d-f2f4ca95e81d"
    },
    "additionalInfo": {
        "selectedResource": "IncrementalNYCRestaurantLoad",
        "selectedResourceType": "pipeline"
    }
}